体の転換,5
体の変更,5
座法呼吸法,5
正面打ち一教(表),5
正面打ち一教(裏),5
正面打ち二教(表),5
正面打ち二教(裏),5
正面打ち三教(表),5
正面打ち三教(裏),5
正面打ち四教(表),5
正面打ち四教(裏),5
正面打ち四方投げ(表),3
正面打ち四方投げ(裏),3
正面打ち入り身投げ,5
正面打ち小手返し,3
正面打ち回転投げ,3
正面打ち呼吸投げ,3
正面打ち十字投げ,-1
正面打ち腰投げ,-1
片手取り一教(表),3
片手取り一教(裏),3
片手取り二教(表),3
片手取り二教(裏),3
片手取り三教(表),3
片手取り三教(裏),3
片手取り四教(表),3
片手取り四教(裏),3
片手取り四方投げ(表),5
片手取り四方投げ(裏),5
片手取り入り身投げ,3
片手取り小手返し,3
片手取り回転投げ,3
片手取り呼吸投げ,3
片手取り十字投げ,-1
片手取り腰投げ,-1
交差取り一教(表),3
交差取り一教(裏),3
交差取り二教(表),3
交差取り二教(裏),3
交差取り三教(表),3
交差取り三教(裏),3
交差取り四教(表),3
交差取り四教(裏),3
交差取り四方投げ(表),3
交差取り四方投げ(裏),3
交差取り入り身投げ,3
交差取り小手返し,3
交差取り回転投げ,3
交差取り呼吸投げ,3
交差取り十字投げ,-1
交差取り腰投げ,-1
突き一教(表),3
突き一教(裏),3
突き二教(表),3
突き二教(裏),3
突き三教(表),3
突き三教(裏),3
突き四教(表),3
突き四教(裏),3
突き四方投げ(表),3
突き四方投げ(裏),3
突き入り身投げ,3
突き小手返し,5
突き回転投げ,3
突き呼吸投げ,3
突き腰投げ,-1
横面打ち一教(表),3
横面打ち一教(裏),3
横面打ち二教(表),3
横面打ち二教(裏),3
横面打ち三教(表),3
横面打ち三教(裏),3
横面打ち四教(表),3
横面打ち四教(裏),3
横面打ち四方投げ(表),3
横面打ち四方投げ(裏),3
横面打ち入り身投げ,3
横面打ち小手返し,3
横面打ち回転投げ,3
横面打ち呼吸投げ,3
横面打ち十字投げ,-1
横面打ち腰投げ,-1
横面打ち五教(表),1
横面打ち五教(裏),1
両手取り一教(表),1
両手取り一教(裏),1
両手取り二教(表),1
両手取り二教(裏),1
両手取り三教(表),1
両手取り三教(裏),1
両手取り四教(表),1
両手取り四教(裏),1
両手取り四方投げ(表),1
両手取り四方投げ(裏),1
両手取り入り身投げ,1
両手取り小手返し,1
両手取り回転投げ,1
両手取り呼吸投げ,1
両手取り十字投げ,-1
両手取り腰投げ,-1
両手取り天地投げ,3
諸手取り一教(表),1
諸手取り一教(裏),1
諸手取り二教(表),1
諸手取り二教(裏),1
諸手取り三教(表),1
諸手取り三教(裏),1
諸手取り四教(表),1
諸手取り四教(裏),1
諸手取り四方投げ(表),1
諸手取り四方投げ(裏),1
諸手取り入り身投げ,1
諸手取り小手返し,1
諸手取り回転投げ,1
諸手取り呼吸投げ,1
諸手取り十字投げ,-1
諸手取り腰投げ,-1
諸手取り呼吸法,5
後ろ両手取り一教(表),-1
後ろ両手取り一教(裏),-1
後ろ両手取り二教(表),-1
後ろ両手取り二教(裏),-1
後ろ両手取り三教(表),-1
後ろ両手取り三教(裏),-1
後ろ両手取り四教(表),-1
後ろ両手取り四教(裏),-1
後ろ両手取り四方投げ(表),-1
後ろ両手取り四方投げ(裏),-1
後ろ両手取り入り身投げ,-1
後ろ両手取り小手返し,-1
後ろ両手取り回転投げ,-1
後ろ両手取り呼吸投げ,-1
後ろ両手取り十字投げ,-1
後ろ両手取り腰投げ,-1
袖口取り一教(表),-1
袖口取り一教(裏),-1
袖口取り二教(表),-1
袖口取り二教(裏),-1
袖口取り三教(表),-1
袖口取り三教(裏),-1
袖口取り四教(表),-1
袖口取り四教(裏),-1
袖口取り四方投げ(表),-1
袖口取り四方投げ(裏),-1
袖口取り入り身投げ,-1
袖口取り小手返し,-1
袖口取り回転投げ,-1
袖口取り呼吸投げ,-1
袖口取り十字投げ,-1
袖取り一教(表),-1
袖取り一教(裏),-1
袖取り二教(表),-1
袖取り二教(裏),-1
袖取り三教(表),-1
袖取り三教(裏),-1
袖取り四教(表),-1
袖取り四教(裏),-1
袖取り四方投げ(表),-1
袖取り四方投げ(裏),-1
袖取り入り身投げ,-1
袖取り小手返し,-1
袖取り回転投げ,-1
袖取り呼吸投げ,-1
袖取り十字投げ,-1
肩取り一教(表),-1
肩取り一教(裏),-1
肩取り二教(表),-1
肩取り二教(裏),-1
肩取り三教(表),-1
肩取り三教(裏),-1
肩取り四教(表),-1
肩取り四教(裏),-1
肩取り四方投げ(表),-1
肩取り四方投げ(裏),-1
肩取り入り身投げ,-1
肩取り小手返し,-1
肩取り回転投げ,-1
肩取り呼吸投げ,-1
肩取り十字投げ,-1
胸取り一教(表),-1
胸取り一教(裏),-1
胸取り二教(表),-1
胸取り二教(裏),-1
胸取り三教(表),-1
胸取り三教(裏),-1
胸取り四教(表),-1
胸取り四教(裏),-1
胸取り四方投げ(表),-1
胸取り四方投げ(裏),-1
胸取り入り身投げ,-1
胸取り小手返し,-1
胸取り回転投げ,-1
胸取り呼吸投げ,-1
胸取り十字投げ,-1
両肩取り一教(表),-1
両肩取り一教(裏),-1
両肩取り二教(表),-1
両肩取り二教(裏),-1
両肩取り三教(表),-1
両肩取り三教(裏),-1
両肩取り四教(表),-1
両肩取り四教(裏),-1
両肩取り四方投げ(表),-1
両肩取り四方投げ(裏),-1
両肩取り入り身投げ,-1
両肩取り小手返し,-1
両肩取り回転投げ,-1
両肩取り呼吸投げ,-1
両肩取り十字投げ,-1
後胸取り一教(表),-1
後胸取り一教(裏),-1
後胸取り二教(表),-1
後胸取り二教(裏),-1
後胸取り三教(表),-1
後胸取り三教(裏),-1
後胸取り四教(表),-1
後胸取り四教(裏),-1
後胸取り四方投げ(表),-1
後胸取り四方投げ(裏),-1
後胸取り入り身投げ,-1
後胸取り小手返し,-1
後胸取り回転投げ,-1
後胸取り呼吸投げ,-1
後胸取り十字投げ,-1
後襟取り一教(表),-1
後襟取り一教(裏),-1
後襟取り二教(表),-1
後襟取り二教(裏),-1
後襟取り三教(表),-1
後襟取り三教(裏),-1
後襟取り四教(表),-1
後襟取り四教(裏),-1
後襟取り四方投げ(表),-1
後襟取り四方投げ(裏),-1
後襟取り入り身投げ,-1
後襟取り小手返し,-1
後襟取り回転投げ,-1
後襟取り呼吸投げ,-1
後襟取り十字投げ,-1